Names	Pages
Michael	20
David	14
James	13
John	13
Christopher	13
Robert	12
Matthew	10
William	10
Daniel	10
Joseph	9
Joshua	8
Anthony	7
Andrew	7
Brian	7
Jason	7
Thomas	7
Kevin	7
Ryan	6
Richard	6
Mark	6
Jacob	6
Steven	6
Nicholas	6
Timothy	5
Eric	5
Jonathan	5
Charles	5
Justin	5
Brandon	5
Jeffrey	5
Benjamin	4
Scott	4
Alexander	4
Paul	4
Tyler	4
Aaron	4
Kenneth	4
Adam	4
Zachary	4
Samuel	4
Nathan	3
Patrick	3
Jose	3
Stephen	3
Kyle	3
Gregory	3
Jeremy	3
Sean	3
Ethan	3
Christian	3
Austin	3
Edward	3
Dylan	2
Noah	2
Jordan	2
Bryan	2
Ronald	2
Donald	2
Gabriel	2
Logan	2
George	2
Juan	2
Gary	2
Jesse	2
Shawn	2
Peter	2
Jack	2
Caleb	2
Keith	2
Mason	2
Elijah	2
Bradley	2
Douglas	2
Cameron	2
Travis	2
Cody	2
Luis	2
Carlos	2
Luke	2
Evan	2
Todd	2
Lucas	2
Isaac	2
Henry	2
Chad	2
Raymond	1
Hunter	1
Jackson	1
Ian	1
Alex	1
Adrian	1
Vincent	1
Larry	1
Nathaniel	1
Antonio	1
Marcus	1
Derek	1
Connor	1
Jayden	1
Joel	1
Angel	1
Aiden	1
Victor	1
Isaiah	1
Liam	1
Craig	1
Dennis	1
Frank	1
Alan	1
Jeremiah	1
Jesus	1
Jared	1
Jerry	1
Dustin	1
Randy	1
Shane	1
Julian	1
Terry	1
Gavin	1
Phillip	1
Chase	1
Blake	1
Troy	1
Jeffery	1
Miguel	1
Wesley	1
Wyatt	1
Tony	1
Corey	1
Owen	1
Martin	1
Erik	1
Trevor	1
Carter	1
Seth	1
Landon	1
Philip	1
Brett	1
Sebastian	1
Rodney	1
Devin	1
Curtis	1
Dominic	1
Cole	1
Johnny	1
Russell	1
Xavier	1
Roger	1
Levi	1
Carl	1
Colton	1
Alejandro	1
Derrick	1
Brayden	1
Brent	1
Bruce	1
Danny	1
Oscar	1
Ricky	1
Colin	1
Cory	1
Oliver	1
Tristan	1
Billy	1
Mitchell	1
Jorge	1
Garrett	1
Manuel	1
Aidan	1
Allen	1
Lawrence	1
Bobby	1
Ricardo	1
Parker	1
Gerald	1
Joe	1
Randall	1
Mario	1
Jennifer	14
Jessica	10
Elizabeth	9
Lisa	9
Ashley	8
Sarah	8
Kimberly	8
Michelle	8
Emily	7
Amanda	7
Mary	7
Melissa	7
Stephanie	7
Amy	6
Nicole	6
Angela	6
Samantha	6
Rebecca	5
Laura	5
Heather	5
Rachel	5
Karen	5
Kelly	4
Lauren	4
Christina	4
Megan	4
Emma	4
Olivia	4
Susan	4
Hannah	4
Katherine	4
Victoria	4
Maria	4
Andrea	4
Patricia	4
Madison	4
Julie	4
Abigail	4
Amber	4
Anna	4
Cynthia	3
Brittany	3
Christine	3
Danielle	3
Kayla	3
Alexis	3
Natalie	3
Isabella	3
Tiffany	3
Sara	3
Taylor	3
Sophia	3
Crystal	3
Alyssa	3
Tammy	3
Sandra	3
Linda	3
Erin	3
Allison	3
Lori	3
Shannon	3
Pamela	3
Brenda	3
Donna	3
Julia	3
Jacqueline	3
Brianna	3
Catherine	2
Courtney	2
Deborah	2
Ava	2
Jasmine	2
Tina	2
Vanessa	2
Jamie	2
Teresa	2
Kathleen	2
Nancy	2
Dawn	2
Tracy	2
Barbara	2
Melanie	2
Alexandra	2
Sharon	2
Erica	2
Grace	2
Kathryn	2
Margaret	2
Mia	2
Morgan	2
Denise	2
April	2
Chloe	2
Diana	2
Kristen	2
Monica	2
Leslie	2
Alicia	2
Cheryl	2
Debra	2
Leah	2
Brooke	2
Robin	2
Valerie	2
Wendy	2
Katie	2
Kristin	2
Michele	2
Theresa	2
Holly	2
Sydney	2
Savannah	2
Hailey	2
Dana	2
Veronica	2
Evelyn	2
Cindy	2
Kaitlyn	2
Jill	1
Chelsea	1
Ella	1
Tara	1
Lindsey	1
Stacy	1
Audrey	1
Diane	1
Destiny	1
Charlotte	1
Kelsey	1
Carol	1
Molly	1
Cassandra	1
Carrie	1
Caroline	1
Rhonda	1
Katelyn	1
Gina	1
Stacey	1
Haley	1
Jenna	1
Kathy	1
Kaylee	1
Mackenzie	1
Carolyn	1
Ann	1
Lily	1
Jordan	1
Zoe	1
Alexa	1
Sofia	1
Renee	1
Addison	1
Paige	1
Avery	1
Kim	1
Autumn	1
Madeline	1
Gabrielle	1
Amelia	1
Janet	1
Paula	1
Gabriella	1
Sherry	1
Sabrina	1
Tonya	1
Lillian	1
Claire	1
Kristina	1
Caitlin	1
Marissa	1
Shelby	1
Kylie	1
Beth	1
Heidi	1
Makayla	1
Mariah	1
Sheila	1
Laurie	1
Lindsay	1
Brandy	1
Faith	1
Tamara	1
Erika	1
Riley	1
Anne	1